latitude,longitude,month,price,region
40.3440996,-3.6919839,1,20.0,San Cristóbal
40.3440996,-3.6919839,2,21.0,San Cristóbal
40.3440996,-3.6919839,3,21.0,San Cristóbal
40.37207564071759,-3.693982732852044,7,67.0,Usera
40.3789571457818,-3.6703623401582193,2,98.0,Puente de Vallecas
40.3789571457818,-3.6703623401582193,3,98.0,Puente de Vallecas
40.3789571457818,-3.6703623401582193,4,98.0,Puente de Vallecas
40.3789571457818,-3.6703623401582193,5,98.0,Puente de Vallecas
40.3789571457818,-3.6703623401582193,6,98.0,Puente de Vallecas
40.3789571457818,-3.6703623401582193,7,98.0,Puente de Vallecas
40.3789571457818,-3.6703623401582193,8,98.0,Puente de Vallecas
40.3789571457818,-3.6703623401582193,9,98.0,Puente de Vallecas
40.3789571457818,-3.6703623401582193,10,98.0,Puente de Vallecas
40.3789571457818,-3.6703623401582193,11,98.0,Puente de Vallecas
40.3789571457818,-3.6703623401582193,12,98.0,Puente de Vallecas
40.38117,-3.67741,2,95.0,Puente de Vallecas
40.38117,-3.67741,7,95.0,Puente de Vallecas
40.38497,-3.68699,1,65.0,Arganzuela
40.38545,-3.68701,1,66.2,Arganzuela
40.38545,-3.68701,2,68.0,Arganzuela
40.38557,-3.73213,6,104.0,Carabanchel
40.38557,-3.73213,12,108.0,Carabanchel
40.3873206,-3.7134131,1,33.0,Usera
40.3873206,-3.7134131,2,33.0,Usera
40.3873206,-3.7134131,3,31.636363636363637,Usera
40.3873206,-3.7134131,4,30.0,Usera
40.3873206,-3.7134131,5,30.0,Usera
40.3873206,-3.7134131,7,30.0,Usera
40.3873206,-3.7134131,8,30.0,Usera
40.3873206,-3.7134131,9,30.0,Usera
40.3873206,-3.7134131,10,30.0,Usera
40.3873206,-3.7134131,11,30.0,Usera
40.3873206,-3.7134131,12,30.0,Usera
40.38901,-3.64185,1,29.0,Puente de Vallecas
40.3903989,-3.653871499999999,1,23.0,Puente de Vallecas
40.39158122943353,-3.743352767434202,2,64.0,Latina
40.39158122943353,-3.743352767434202,3,64.0,Latina
40.39158122943353,-3.743352767434202,4,64.0,Latina
40.39158122943353,-3.743352767434202,5,64.0,Latina
40.39158122943353,-3.743352767434202,6,70.0,Latina
40.39158122943353,-3.743352767434202,7,64.0,Latina
40.39158122943353,-3.743352767434202,8,64.0,Latina
40.39158122943353,-3.743352767434202,9,64.0,Latina
40.3919779,-3.6669782,1,30.0,Puente de Vallecas
40.3935985,-3.7554556,12,213.66666666666666,Latina
40.39392437771996,-3.707317784428596,1,41.0,Carabanchel
40.39492,-3.7109,8,81.0,Carabanchel
40.39751,-3.66883,1,82.0,Puente de Vallecas
40.39883,-3.70006,4,73.0,Arganzuela
40.39883,-3.70006,5,73.0,Arganzuela
40.39883,-3.70006,10,76.0,Arganzuela
40.39888,-3.70028,5,75.0,Arganzuela
40.39888,-3.70028,6,75.0,Arganzuela
40.39888,-3.70028,7,75.0,Arganzuela
40.39888,-3.70028,8,75.0,Arganzuela
40.39888,-3.70028,9,75.0,Arganzuela
40.39888,-3.70028,10,75.0,Arganzuela
40.39934,-3.69882,4,76.0,Arganzuela
40.399483,-3.720992,6,105.0,Carabanchel
40.40116762834226,-3.702081830230615,1,67.5,Arganzuela
40.40116762834226,-3.702081830230615,2,59.0,Arganzuela
40.40116762834226,-3.702081830230615,3,71.5,Arganzuela
40.40116762834226,-3.702081830230615,4,70.15384615384616,Arganzuela
40.40116762834226,-3.702081830230615,6,61.42857142857143,Arganzuela
40.40116762834226,-3.702081830230615,7,62.666666666666664,Arganzuela
40.40153,-3.67752,5,61.0,Retiro
40.40153,-3.67752,6,61.0,Retiro
40.40153,-3.67752,7,61.0,Retiro
40.40153,-3.67752,10,61.0,Retiro
40.40216,-3.69251,1,42.0,Arganzuela
40.40216,-3.69251,2,42.0,Arganzuela
40.402199,-3.692634,1,62.0,Arganzuela
40.402199,-3.692634,2,62.0,Arganzuela
40.402199,-3.692634,3,62.0,Arganzuela
40.402199,-3.692634,4,62.0,Arganzuela
40.402199,-3.692634,5,62.0,Arganzuela
40.402199,-3.692634,6,62.0,Arganzuela
40.402199,-3.692634,9,59.0,Arganzuela
40.402199,-3.692634,10,59.0,Arganzuela
40.402512,-3.690958,1,105.0,Arganzuela
40.4027181,-3.7031975,4,100.0,Arganzuela
40.40284604570229,-3.688246742097405,1,38.23529411764706,Arganzuela
40.40284604570229,-3.688246742097405,2,40.0,Arganzuela
40.40284604570229,-3.688246742097405,3,40.0,Arganzuela
40.40284604570229,-3.688246742097405,4,40.0,Arganzuela
40.40284604570229,-3.688246742097405,5,40.0,Arganzuela
40.40284604570229,-3.688246742097405,6,40.0,Arganzuela
40.40284604570229,-3.688246742097405,7,40.0,Arganzuela
40.40284604570229,-3.688246742097405,8,40.0,Arganzuela
40.40291,-3.69115,3,43.0,Arganzuela
40.4034,-3.69532,1,81.0,Arganzuela
40.40347,-3.68973,2,37.0,Arganzuela
40.40358122664192,-3.6544018238782887,1,23.0,Puente de Vallecas
40.40358122664192,-3.6544018238782887,2,23.0,Puente de Vallecas
40.40358122664192,-3.6544018238782887,3,23.0,Puente de Vallecas
40.40378,-3.67868,1,44.0,Retiro
40.40405,-3.69344,2,74.33333333333333,Arganzuela
40.40436,-3.68037,1,71.0,Retiro
40.40436,-3.68037,2,70.0,Retiro
40.40436,-3.68037,3,70.0,Retiro
40.40436,-3.68037,4,70.0,Retiro
40.40436,-3.68037,5,70.0,Retiro
40.40436,-3.68037,6,69.4,Retiro
40.40436,-3.68037,7,69.22222222222223,Retiro
40.40436,-3.68037,9,69.2,Retiro
40.40436,-3.68037,10,69.5,Retiro
40.40436,-3.68037,12,69.38095238095238,Retiro
40.40569,-3.69156,1,74.0,Arganzuela
40.40599,-3.69807,3,76.0,Arganzuela
40.40646,-3.68289,2,32.0,Retiro
40.40646,-3.68289,3,31.0,Retiro
40.40646,-3.68289,4,29.75,Retiro
40.40646,-3.68289,5,30.5,Retiro
40.40646,-3.68289,6,31.0,Retiro
40.40646,-3.68289,7,29.0,Retiro
40.40646,-3.68289,8,29.666666666666668,Retiro
40.40646,-3.68289,9,29.0,Retiro
40.40646,-3.68289,10,29.0,Retiro
40.40661,-3.67403,1,27.0,Retiro
40.40667,-3.7053,1,41.0,Centro
40.40672,-3.69915,1,105.0,Centro
40.40672,-3.69915,3,105.0,Centro
40.40672,-3.69915,4,105.0,Centro
40.40672,-3.69915,7,105.0,Centro
40.40672,-3.69915,10,105.0,Centro
40.40672,-3.69915,12,105.0,Centro
40.40692,-3.70325,1,85.66666666666667,Centro
40.40692,-3.70325,2,76.25,Centro
40.40692,-3.70325,3,79.0,Centro
40.40692,-3.70325,7,74.0,Centro
40.40692,-3.70325,8,73.63636363636364,Centro
40.40692,-3.70325,12,89.5,Centro
40.40705,-3.6918,1,90.9,Arganzuela
40.40705,-3.6918,2,91.5,Arganzuela
40.40705,-3.6918,3,95.42857142857143,Arganzuela
40.40705,-3.6918,7,94.25,Arganzuela
40.40705,-3.6918,8,86.17647058823529,Arganzuela
40.40705,-3.6918,11,107.85714285714286,Arganzuela
40.40705,-3.6918,12,109.57894736842105,Arganzuela
40.40724,-3.70465,1,70.0,Centro
40.40724,-3.70465,2,82.25,Centro
40.40724,-3.70465,3,76.0,Centro
40.40724,-3.70465,7,73.41666666666667,Centro
40.40724,-3.70465,8,73.9,Centro
40.40724,-3.70465,12,84.07142857142857,Centro
40.40727012910141,-3.749476410448551,1,28.0,Latina
40.40728,-3.70529,1,79.0,Centro
40.40747,-3.70987,6,111.0,Centro
40.4077,-3.68473,9,29.2,Retiro
40.4077,-3.68473,10,29.0,Retiro
40.4077,-3.68473,11,29.0,Retiro
40.40781,-3.69331,1,77.0,Centro
40.40789,-3.68814,9,145.16666666666666,Retiro
40.40789,-3.68814,10,151.0,Retiro
40.40789,-3.68814,11,139.33333333333334,Retiro
40.40789,-3.68814,12,142.83783783783784,Retiro
40.407969286213664,-3.701828947425438,1,85.0,Centro
40.40801,-3.71781,1,88.33333333333333,Arganzuela
40.40833,-3.70322,1,71.0,Centro
40.40833,-3.70322,2,78.0,Centro
40.40833,-3.70322,3,79.81818181818181,Centro
40.40833,-3.70322,4,87.0,Centro
40.40833,-3.70322,7,75.0,Centro
40.40833,-3.70322,8,72.06666666666666,Centro
40.40833,-3.70322,11,86.0,Centro
40.40833,-3.70322,12,86.48148148148148,Centro
40.40835,-3.70515,2,42.0,Centro
40.40835,-3.70515,3,42.0,Centro
40.40835,-3.70515,4,42.0,Centro
40.40835,-3.70515,5,42.0,Centro
40.40835,-3.70515,6,42.0,Centro
40.40835,-3.70515,7,42.0,Centro
40.40840720471856,-3.6990436831854807,5,114.0,Centro
40.40840720471856,-3.6990436831854807,6,114.0,Centro
40.40840720471856,-3.6990436831854807,7,114.0,Centro
40.40840720471856,-3.6990436831854807,8,114.0,Centro
40.40840720471856,-3.6990436831854807,9,114.0,Centro
40.40840720471856,-3.6990436831854807,10,114.0,Centro
40.40840720471856,-3.6990436831854807,11,114.0,Centro
40.40868,-3.70452,1,50.0,Centro
40.40868,-3.70452,3,50.0,Centro
40.40868,-3.70452,6,50.0,Centro
40.4087816,-3.7298832,1,32.0,Latina
40.4087816,-3.7298832,2,32.0,Latina
40.40879,-3.70492,2,103.0,Centro
40.40879,-3.70492,4,116.0,Centro
40.40897,-3.69231,1,53.0,Centro
40.40918,-3.69324,12,123.4,Centro
40.40919876098633,-3.701968908309937,1,100.0,Centro
40.40929,-3.69812,1,66.0,Centro
40.40962,-3.70299,1,33.0,Centro
40.409663143189,-3.71087260791848,3,104.0,Centro
40.409663143189,-3.71087260791848,4,104.0,Centro
40.409663143189,-3.71087260791848,5,104.0,Centro
40.409663143189,-3.71087260791848,6,102.66666666666667,Centro
40.409663143189,-3.71087260791848,7,104.0,Centro
40.409663143189,-3.71087260791848,8,104.0,Centro
40.409663143189,-3.71087260791848,9,104.0,Centro
40.409663143189,-3.71087260791848,10,104.0,Centro
40.409663143189,-3.71087260791848,11,104.0,Centro
40.40976,-3.70141,5,67.0,Centro
40.40979,-3.70173,12,68.0,Centro
40.40993,-3.7026,1,115.0,Centro
40.40996,-3.70138,12,258.0,Centro
40.40998,-3.70537,1,22.0,Centro
40.40998,-3.70537,2,22.0,Centro
40.41001,-3.73972,3,39.0,Latina
40.41001,-3.73972,4,39.0,Latina
40.41007094561448,-3.704248666763306,9,112.0,Centro
40.41007094561448,-3.704248666763306,10,112.0,Centro
40.41008570200636,-3.7087575005483866,1,90.0,Centro
40.41023,-3.70555,5,111.0,Centro
40.410254382599085,-3.702327046015825,4,122.0,Centro
40.41030900415792,-3.694213591912321,9,168.0,Centro
40.41030900415792,-3.694213591912321,10,168.0,Centro
40.410427,-3.694636,8,74.0,Centro
40.41054653551894,-3.650951832532882,1,25.0,Moratalaz
40.41055,-3.72774,5,141.0,Latina
40.41055,-3.72774,7,141.0,Latina
40.41056,-3.69863,4,83.0,Centro
40.41062563035865,-3.698127032512654,1,75.0,Centro
40.41062563035865,-3.698127032512654,2,75.0,Centro
40.41062563035865,-3.698127032512654,3,75.0,Centro
40.41062563035865,-3.698127032512654,4,75.0,Centro
40.41062563035865,-3.698127032512654,5,75.0,Centro
40.41062563035865,-3.698127032512654,6,75.0,Centro
40.41062563035865,-3.698127032512654,7,75.0,Centro
40.41062563035865,-3.698127032512654,8,75.0,Centro
40.4106854,-3.7039903,1,33.0,Centro
40.4106854,-3.7039903,2,33.0,Centro
40.4106854,-3.7039903,3,33.0,Centro
40.4106854,-3.7039903,4,33.0,Centro
40.4106854,-3.7039903,5,33.0,Centro
40.4106854,-3.7039903,6,33.0,Centro
40.41087,-3.70613,1,92.0,Centro
40.41109,-3.70432,2,32.0,Centro
40.41109,-3.70432,3,29.0,Centro
40.4111184,-3.728854,1,68.0,Latina
40.4111184,-3.728854,4,76.0,Latina
40.411549,-3.697992,4,84.0,Centro
40.411549,-3.697992,5,84.0,Centro
40.41155,-3.70044,6,178.0,Centro
40.41161029366069,-3.6501931158940097,1,23.0,Moratalaz
40.41161029366069,-3.6501931158940097,2,23.0,Moratalaz
40.41161029366069,-3.6501931158940097,3,23.0,Moratalaz
40.41161029366069,-3.6501931158940097,4,23.0,Moratalaz
40.41161029366069,-3.6501931158940097,5,23.0,Moratalaz
40.41161029366069,-3.6501931158940097,6,23.0,Moratalaz
40.41161029366069,-3.6501931158940097,7,23.0,Moratalaz
40.41161029366069,-3.6501931158940097,8,23.0,Moratalaz
40.41203,-3.71074,12,180.0,Centro
40.4120903,-3.7122762,8,84.66666666666667,Centro
40.4121,-3.69517,1,89.0,Centro
40.41264,-3.69757,4,130.0,Centro
40.41264,-3.69757,5,130.0,Centro
40.41264,-3.69757,6,130.0,Centro
40.41264,-3.69757,7,130.0,Centro
40.41264,-3.69757,8,130.0,Centro
40.41271,-3.71311,1,53.0,Centro
40.41271,-3.71311,2,53.0,Centro
40.41271,-3.71311,3,53.0,Centro
40.41271,-3.71311,4,53.0,Centro
40.41271,-3.71311,5,53.0,Centro
40.41271,-3.71311,7,53.0,Centro
40.41277,-3.71366,12,277.09090909090907,Centro
40.41282,-3.6969,5,349.0,Centro
40.41282,-3.6969,6,389.0,Centro
40.41282,-3.6969,7,343.85714285714283,Centro
40.41282,-3.6969,8,282.5,Centro
40.41282,-3.6969,9,350.4,Centro
40.41282,-3.6969,10,392.5,Centro
40.41282,-3.6969,11,295.7142857142857,Centro
40.41282,-3.6969,12,289.74074074074076,Centro
40.41294,-3.72582,3,35.0,Latina
40.41294,-3.70759,8,118.0,Centro
40.41294,-3.70759,11,118.0,Centro
40.413,-3.71295,2,100.0,Centro
40.413,-3.71295,4,100.0,Centro
40.41301,-3.70721,1,27.0,Centro
40.41301,-3.70721,2,27.0,Centro
40.41301,-3.70721,3,27.0,Centro
40.41301,-3.70721,4,27.0,Centro
40.41301,-3.70721,5,27.0,Centro
40.41301,-3.70721,6,27.0,Centro
40.41301,-3.70721,7,27.0,Centro
40.41301,-3.70721,8,27.0,Centro
40.41301,-3.70721,9,27.0,Centro
40.41301,-3.70721,10,27.0,Centro
40.41301,-3.70721,11,27.0,Centro
40.41301,-3.70721,12,27.0,Centro
40.4131541,-3.7032569,1,53.0,Centro
40.41322,-3.69555,2,38.666666666666664,Centro
40.41322,-3.69555,3,42.0,Centro
40.41378,-3.71879,6,111.0,Arganzuela
40.41378,-3.71879,7,111.0,Arganzuela
40.41378,-3.71879,9,103.0,Arganzuela
40.41378,-3.71879,10,105.18181818181819,Arganzuela
40.41378,-3.71879,11,111.0,Arganzuela
40.41378,-3.71879,12,106.78947368421052,Arganzuela
40.41396,-3.70073,2,117.0,Centro
40.41396,-3.70073,4,126.0,Centro
40.41396,-3.70073,6,126.0,Centro
40.41424,-3.70154,5,214.0,Centro
40.41424,-3.70154,8,186.0,Centro
40.41434,-3.71244,3,94.0,Centro
40.41455,-3.71026,1,103.0,Centro
40.41456,-3.70863,1,87.0,Centro
40.41465,-3.70334,5,209.33333333333334,Centro
40.41465,-3.70334,6,182.4,Centro
40.41465,-3.70334,7,156.0,Centro
40.41465,-3.70334,8,149.66666666666666,Centro
40.41465,-3.70334,9,176.53333333333333,Centro
40.41465,-3.70334,10,178.0,Centro
40.41465,-3.70334,11,150.8181818181818,Centro
40.41465,-3.69867,2,47.0,Centro
40.41489,-3.70142,4,205.0,Centro
40.4151,-3.71072,3,82.0,Centro
40.4151,-3.71072,4,82.0,Centro
40.4151,-3.71072,5,82.0,Centro
40.4151,-3.71072,6,82.0,Centro
40.4151,-3.71072,7,82.0,Centro
40.41524,-3.70229,6,179.0,Centro
40.41528,-3.69576,2,44.0,Centro
40.41543,-3.70937,2,59.0,Centro
40.41543,-3.70937,3,59.0,Centro
40.41543,-3.70937,4,59.0,Centro
40.41543,-3.70937,5,59.0,Centro
40.41543,-3.70937,6,59.0,Centro
40.41543,-3.70937,7,59.0,Centro
40.41543,-3.70937,8,59.0,Centro
40.41549,-3.71129,2,82.0,Centro
40.41549,-3.71129,3,82.0,Centro
40.41549,-3.71129,4,82.0,Centro
40.41549,-3.71129,5,79.42857142857143,Centro
40.41549,-3.71129,6,82.0,Centro
40.41549,-3.71129,7,73.0,Centro
40.41549,-3.71129,8,68.5,Centro
40.41549,-3.71129,9,79.75,Centro
40.41549,-3.71129,10,77.5,Centro
40.41549,-3.71129,11,72.4,Centro
40.41549588285871,-3.6960766493639152,1,40.0,Centro
40.41549588285871,-3.6960766493639152,2,44.0,Centro
40.41565,-3.70655,3,263.0,Centro
40.41565,-3.70655,6,281.0,Centro
40.41565,-3.70655,7,281.0,Centro
40.41565,-3.70655,8,275.0,Centro
40.41566,-3.71093,4,205.0,Centro
40.41566,-3.71093,5,205.0,Centro
40.41566,-3.71093,6,205.0,Centro
40.41566,-3.71093,7,205.0,Centro
40.41566,-3.71093,8,205.0,Centro
40.41566,-3.71093,9,205.0,Centro
40.41566,-3.71093,10,205.0,Centro
40.41566,-3.71093,11,205.0,Centro
40.4158,-3.70412,1,74.0,Centro
40.4158,-3.70412,2,79.75,Centro
40.4158,-3.70412,3,80.0,Centro
40.4158,-3.70412,4,77.71428571428571,Centro
40.4158,-3.70412,5,76.0,Centro
40.4158,-3.70412,6,76.0,Centro
40.4158,-3.70412,7,76.0,Centro
40.4158,-3.70412,8,76.0,Centro
40.4158,-3.70412,9,76.0,Centro
40.4158,-3.70412,10,76.0,Centro
40.4158,-3.70412,11,76.0,Centro
40.4158,-3.70412,12,76.0,Centro
40.41588,-3.70105,6,137.0,Centro
40.41588,-3.70105,7,137.0,Centro
40.41588,-3.70105,8,115.0,Centro
40.41588,-3.70105,9,137.0,Centro
40.41588,-3.70105,10,137.0,Centro
40.41588,-3.70105,11,115.0,Centro
40.41588,-3.70088,2,164.0,Centro
40.41588,-3.70088,4,164.0,Centro
40.41588,-3.70088,5,187.0,Centro
40.41594,-3.71035,1,79.0,Centro
40.41607,-3.70658,12,139.0,Centro
40.41618,-3.70019,1,98.0,Centro
40.41618,-3.70019,2,98.0,Centro
40.41634,-3.70076,1,90.0,Centro
40.41634,-3.70076,2,90.875,Centro
40.4164,-3.70256,4,220.0,Centro
40.41641,-3.70498,4,259.0,Centro
40.41652,-3.70508,11,780.0,Centro
40.41658,-3.70696,5,356.0,Centro
40.41688,-3.70973,1,80.0,Centro
40.41688,-3.70973,2,80.0,Centro
40.41688,-3.70973,3,80.0,Centro
40.41688,-3.70973,4,80.0,Centro
40.41688,-3.70973,5,80.0,Centro
40.41688,-3.70973,6,80.0,Centro
40.41688,-3.70973,7,80.0,Centro
40.41688,-3.70973,8,80.0,Centro
40.41688,-3.70973,9,80.0,Centro
40.41688,-3.70973,10,80.0,Centro
40.41688,-3.70973,11,80.0,Centro
40.41704,-3.67763,1,41.0,Retiro
40.41707,-3.70815,1,134.0,Centro
40.41715,-3.67408,1,41.0,Retiro
40.41715,-3.67408,2,41.0,Retiro
40.41715,-3.67408,3,41.0,Retiro
40.41727,-3.70994,3,164.0,Centro
40.41727,-3.70994,4,164.0,Centro
40.41727,-3.70994,5,164.0,Centro
40.41727,-3.70994,6,164.0,Centro
40.41727,-3.70994,7,164.0,Centro
40.41727,-3.70994,8,164.0,Centro
40.41727,-3.70994,9,164.0,Centro
40.41727,-3.70994,10,164.0,Centro
40.41727,-3.70994,11,164.0,Centro
40.41733,-3.70221,5,146.0,Centro
40.41736,-3.71188,4,62.0,Centro
40.41736,-3.71188,5,62.0,Centro
40.41736,-3.71188,6,62.0,Centro
40.41736,-3.70217,3,208.0,Centro
40.41736,-3.70217,5,162.0,Centro
40.41736,-3.70217,6,177.33333333333334,Centro
40.41736,-3.70217,7,162.0,Centro
40.41736,-3.70217,9,208.0,Centro
40.41736,-3.70217,10,194.85714285714286,Centro
40.41736,-3.70217,11,185.0,Centro
40.41743,-3.70935,2,64.0,Centro
40.41743,-3.70935,3,64.0,Centro
40.41743,-3.70935,4,64.0,Centro
40.41743,-3.70935,5,64.0,Centro
40.41743,-3.70935,6,64.0,Centro
40.41743,-3.70935,7,64.0,Centro
40.41743,-3.70935,8,64.0,Centro
40.41743,-3.70935,9,64.0,Centro
40.41743,-3.70935,10,64.0,Centro
40.41743,-3.70935,11,64.0,Centro
40.41768006159201,-3.6173858533810064,1,35.0,San Blas - Canillejas
40.41848,-3.7073,2,135.0,Centro
40.41848,-3.7073,4,139.0,Centro
40.418567281424224,-3.672430985562741,2,50.0,Retiro
40.418567281424224,-3.672430985562741,3,50.0,Retiro
40.418567281424224,-3.672430985562741,4,50.0,Retiro
40.418567281424224,-3.672430985562741,5,50.0,Retiro
40.41876446260283,-3.7045130377501576,2,87.0,Centro
40.41879,-3.69919,1,81.0,Centro
40.41888,-3.70645,7,302.0,Centro
40.41888,-3.70645,8,302.0,Centro
40.41888,-3.70645,12,302.0,Centro
40.41893,-3.699,3,287.0,Centro
40.41893,-3.699,4,303.3333333333333,Centro
40.41893,-3.699,5,319.0,Centro
40.41893,-3.699,6,272.0,Centro
40.41896,-3.70994,6,655.0,Centro
40.41896,-3.70994,7,670.0,Centro
40.41896,-3.70994,8,665.7142857142857,Centro
40.41896,-3.70994,9,680.0,Centro
40.41896,-3.70994,10,663.3333333333334,Centro
40.41896,-3.70994,11,649.5652173913044,Centro
40.41912580697324,-3.702480976972472,1,85.0,Centro
40.41912580697324,-3.702480976972472,2,85.0,Centro
40.41912580697324,-3.702480976972472,3,85.0,Centro
40.41912580697324,-3.702480976972472,4,85.0,Centro
40.41912580697324,-3.702480976972472,5,86.37931034482759,Centro
40.41928,-3.70016,1,64.0,Centro
40.41928,-3.70016,2,64.0,Centro
40.41928,-3.70016,4,64.0,Centro
40.41928,-3.70016,5,64.0,Centro
40.41928,-3.70016,6,64.0,Centro
40.41928,-3.70016,7,64.0,Centro
40.41928,-3.70016,12,64.0,Centro
40.419369,-3.703054,9,70.0,Centro
40.419369,-3.703054,10,70.0,Centro
40.41939,-3.70047,6,208.0,Centro
40.41939,-3.70047,7,206.0,Centro
40.41939,-3.70047,10,208.25,Centro
40.41939,-3.70047,11,206.6,Centro
40.41953,-3.69905,12,371.02941176470586,Centro
40.41971,-3.70014,1,117.0,Centro
40.41971,-3.70014,2,105.0,Centro
40.41971,-3.70014,3,105.0,Centro
40.41971,-3.70014,4,106.33333333333333,Centro
40.41971,-3.70014,5,108.2,Centro
40.41993,-3.70006,1,47.0,Centro
40.41993,-3.70006,2,47.0,Centro
40.41993,-3.70006,3,47.0,Centro
40.41993,-3.70006,4,47.0,Centro
40.41993,-3.70006,6,36.06666666666667,Centro
40.41993,-3.70006,7,35.52173913043478,Centro
40.41993,-3.70006,8,35.869565217391305,Centro
40.41993,-3.70006,9,35.19047619047619,Centro
40.41993,-3.70006,10,35.4,Centro
40.41993,-3.70006,11,35.0,Centro
40.41993,-3.70006,12,36.01960784313726,Centro
40.41996,-3.70857,4,149.0,Centro
40.42003,-3.70567,5,269.0,Centro
40.42003,-3.70567,6,269.0,Centro
40.4205,-3.70129,3,82.0,Centro
40.4205,-3.70129,4,82.0,Centro
40.4205,-3.70129,5,82.0,Centro
40.4205,-3.70129,7,82.0,Centro
40.4205,-3.70129,8,82.0,Centro
40.4205,-3.70129,9,82.0,Centro
40.4205,-3.70129,10,82.0,Centro
40.4205,-3.70129,11,82.0,Centro
40.4205,-3.70129,12,82.0,Centro
40.42051,-3.70221,11,64.0,Centro
40.42055,-3.70547,1,58.0,Centro
40.42055,-3.70547,2,60.0,Centro
40.42055,-3.70547,3,60.0,Centro
40.42055,-3.70547,4,60.0,Centro
40.42067,-3.7011,2,124.0,Centro
40.42067,-3.7011,3,124.0,Centro
40.42067,-3.7011,4,124.0,Centro
40.42067,-3.7011,5,124.0,Centro
40.42067,-3.7011,6,124.0,Centro
40.42067,-3.7011,7,124.0,Centro
40.42067,-3.7011,8,124.0,Centro
40.42067,-3.7011,9,124.0,Centro
40.42067,-3.7011,10,124.0,Centro
40.420678149564914,-3.6899822464222174,3,484.0,Salamanca
40.420678149564914,-3.6899822464222174,5,952.0,Salamanca
40.420678149564914,-3.6899822464222174,6,718.0,Salamanca
40.420678149564914,-3.6899822464222174,11,952.0,Salamanca
40.42068714240115,-3.702138472400823,1,81.0,Centro
40.42068714240115,-3.702138472400823,2,68.0,Centro
40.42068714240115,-3.702138472400823,3,68.0,Centro
40.42068714240115,-3.702138472400823,4,69.4,Centro
40.42068714240115,-3.702138472400823,5,69.66666666666667,Centro
40.420818,-3.706412,10,94.0,Centro
40.42092,-3.71301,2,200.0,Centro
40.42092,-3.71301,3,200.0,Centro
40.42098,-3.70737,6,585.3333333333334,Centro
40.42098,-3.70737,7,486.0,Centro
40.42098,-3.70737,8,432.0,Centro
40.42098,-3.70737,9,432.0,Centro
40.42098,-3.70737,10,432.0,Centro
40.42098,-3.70737,11,432.0,Centro
40.42098,-3.70198,4,245.0,Centro
40.42107,-3.7023,3,105.0,Centro
40.42107,-3.7023,4,105.0,Centro
40.4211056,-3.700145199999999,10,33.0,Centro
40.4211056,-3.700145199999999,11,33.0,Centro
40.421125807425305,-3.7190519523925714,2,94.0,Moncloa-Aravaca
40.421125807425305,-3.7190519523925714,3,94.0,Moncloa-Aravaca
40.421125807425305,-3.7190519523925714,4,94.0,Moncloa-Aravaca
40.421125807425305,-3.7190519523925714,5,94.0,Moncloa-Aravaca
40.421125807425305,-3.7190519523925714,6,94.0,Moncloa-Aravaca
40.421125807425305,-3.7190519523925714,7,94.0,Moncloa-Aravaca
40.421125807425305,-3.7190519523925714,8,94.0,Moncloa-Aravaca
40.421125807425305,-3.7190519523925714,9,94.0,Moncloa-Aravaca
40.421125807425305,-3.7190519523925714,10,94.0,Moncloa-Aravaca
40.421125807425305,-3.7190519523925714,11,94.0,Moncloa-Aravaca
40.421125807425305,-3.7190519523925714,12,94.0,Moncloa-Aravaca
40.4212,-3.70005,2,66.0,Centro
40.4212,-3.70005,3,66.0,Centro
40.4212,-3.70005,4,67.4,Centro
40.4212,-3.70005,5,68.8,Centro
40.42139,-3.71031,2,293.0,Centro
40.42139,-3.71031,3,293.0,Centro
40.42139,-3.71031,4,293.0,Centro
40.42139,-3.71031,5,293.0,Centro
40.42153316337821,-3.7078690723988847,1,53.0,Centro
40.42153316337821,-3.7078690723988847,2,53.0,Centro
40.42153316337821,-3.7078690723988847,3,55.07692307692308,Centro
40.42153316337821,-3.7078690723988847,4,54.6875,Centro
40.42153316337821,-3.7078690723988847,5,56.0,Centro
40.42153316337821,-3.7078690723988847,6,54.945945945945944,Centro
40.42153316337821,-3.7078690723988847,7,53.375,Centro
40.42153316337821,-3.7078690723988847,8,55.34782608695652,Centro
40.42153316337821,-3.7078690723988847,9,54.285714285714285,Centro
40.42153316337821,-3.7078690723988847,10,53.58064516129032,Centro
40.42153316337821,-3.7078690723988847,11,53.0,Centro
40.42155,-3.70863,6,167.0,Centro
40.42155,-3.70863,7,486.0,Centro
40.42155,-3.70863,8,425.0,Centro
40.42155,-3.70863,9,189.0,Centro
40.42155,-3.70863,10,189.0,Centro
40.42155,-3.70863,11,189.0,Centro
40.42155,-3.70863,12,294.375,Centro
40.42167861686106,-3.709887340664864,6,104.0,Centro
40.42167861686106,-3.709887340664864,7,87.0,Centro
40.42167861686106,-3.709887340664864,8,87.0,Centro
40.42167861686106,-3.709887340664864,9,87.0,Centro
40.42167861686106,-3.709887340664864,10,87.0,Centro
40.42167861686106,-3.709887340664864,11,87.0,Centro
40.42170850000001,-3.697757,4,123.0,Centro
40.42170850000001,-3.697757,5,123.0,Centro
40.42170850000001,-3.697757,6,123.0,Centro
40.42170850000001,-3.697757,7,123.0,Centro
40.42170850000001,-3.697757,9,123.0,Centro
40.42170850000001,-3.697757,10,123.0,Centro
40.42170850000001,-3.697757,11,123.0,Centro
40.42172,-3.70171,12,244.11764705882354,Centro
40.42179549999999,-3.697211999999999,12,324.2857142857143,Centro
40.42186031552421,-3.6993830668183625,1,42.0,Centro
40.42186031552421,-3.6993830668183625,2,42.0,Centro
40.42186031552421,-3.6993830668183625,5,42.0,Centro
40.42186031552421,-3.6993830668183625,6,42.0,Centro
40.42186031552421,-3.6993830668183625,7,42.0,Centro
40.42186031552421,-3.6993830668183625,8,42.0,Centro
40.42186031552421,-3.6993830668183625,9,42.0,Centro
40.42191,-3.7010965,5,88.0,Centro
40.42192,-3.70144,2,122.0,Centro
40.42192,-3.70144,3,122.0,Centro
40.42192,-3.70144,4,122.0,Centro
40.42192,-3.70144,5,122.0,Centro
40.42192,-3.70144,6,122.0,Centro
40.42192,-3.70144,7,122.0,Centro
40.42192,-3.70144,8,122.0,Centro
40.42192,-3.70144,9,132.69565217391303,Centro
40.42192,-3.70144,10,132.69565217391303,Centro
40.42192,-3.70144,11,122.0,Centro
40.4219291677465,-3.697604417633369,1,41.8,Centro
40.4219291677465,-3.697604417633369,2,47.0,Centro
40.42199,-3.70863,1,163.0,Centro
40.42199,-3.70863,2,138.0,Centro
40.42199,-3.70863,3,138.0,Centro
40.42199,-3.70863,4,198.0,Centro
40.42199,-3.70863,5,198.0,Centro
40.42211,-3.7022,1,75.66666666666667,Centro
40.42211,-3.7022,2,76.22222222222223,Centro
40.42211,-3.7022,3,79.0,Centro
40.42211,-3.7022,4,76.72727272727273,Centro
40.42211,-3.7022,5,78.0,Centro
40.42212,-3.70006,3,126.0,Centro
40.422178477332814,-3.699250469858488,1,92.44444444444444,Centro
40.422178477332814,-3.699250469858488,2,102.0,Centro
40.422178477332814,-3.699250469858488,3,102.0,Centro
40.422245025634766,-3.7067720890045166,1,64.0,Centro
40.4223301,-3.6766458,1,59.0,Salamanca
40.4223301,-3.6766458,2,59.0,Salamanca
40.4223301,-3.6766458,3,59.0,Salamanca
40.4223301,-3.6766458,4,59.0,Salamanca
40.4223301,-3.6766458,5,59.0,Salamanca
40.4223301,-3.6766458,6,59.0,Salamanca
40.4223301,-3.6766458,7,59.0,Salamanca
40.422401428222656,-3.706758975982666,3,57.0,Centro
40.422401428222656,-3.706758975982666,4,57.0,Centro
40.422401428222656,-3.706758975982666,5,57.0,Centro
40.422401428222656,-3.706758975982666,12,54.125,Centro
40.4224360765163,-3.697386104324253,1,92.0,Centro
40.42247,-3.7154,11,199.0,Moncloa-Aravaca
40.42248212175342,-3.70953731238842,4,207.0,Centro
40.42248212175342,-3.70953731238842,6,207.0,Centro
40.42248212175342,-3.70953731238842,7,207.0,Centro
40.42248212175342,-3.70953731238842,9,207.0,Centro
40.42248212175342,-3.70953731238842,10,207.0,Centro
40.42248212175342,-3.70953731238842,11,207.0,Centro
40.4225,-3.70067,1,74.0,Centro
40.4225,-3.70067,2,74.0,Centro
40.4225,-3.70067,3,75.05263157894737,Centro
40.4225,-3.70067,4,74.0,Centro
40.4225,-3.70067,5,76.06896551724138,Centro
40.42256927490234,-3.706995010375977,2,70.0,Centro
40.42256927490234,-3.706995010375977,3,70.0,Centro
40.42256927490234,-3.706995010375977,4,70.0,Centro
40.42256927490234,-3.706995010375977,5,70.0,Centro
40.42257,-3.71037,2,87.0,Centro
40.42257,-3.71037,3,87.0,Centro
40.42257,-3.71037,4,87.0,Centro
40.42257,-3.71037,5,87.0,Centro
40.42257,-3.71037,6,87.0,Centro
40.42257,-3.71037,7,87.0,Centro
40.42257,-3.71037,8,87.0,Centro
40.42257,-3.71037,9,87.0,Centro
40.42257,-3.71037,10,87.0,Centro
40.42257,-3.71037,11,87.0,Centro
40.42257,-3.71037,12,87.0,Centro
40.42261,-3.70301,2,351.0,Centro
40.42261,-3.70301,5,316.0,Centro
40.42264,-3.70052,3,108.0,Centro
40.42264,-3.70052,4,108.0,Centro
40.42272554958039,-3.698908272095324,1,39.0,Centro
40.42281,-3.70085,3,76.0,Centro
40.42292,-3.70252,1,50.0,Centro
40.42297,-3.71619,6,139.0,Moncloa-Aravaca
40.42297,-3.71619,7,129.0,Moncloa-Aravaca
40.42297,-3.71619,8,129.0,Moncloa-Aravaca
40.42297,-3.71619,11,139.0,Moncloa-Aravaca
40.42297,-3.69726,3,282.0,Centro
40.42297,-3.69726,5,300.0,Centro
40.42297,-3.69726,7,240.66666666666666,Centro
40.42297,-3.69726,8,204.0,Centro
40.423,-3.70985,1,42.0,Centro
40.423,-3.70985,2,42.0,Centro
40.423,-3.70985,3,42.0,Centro
40.423,-3.70985,4,42.0,Centro
40.423,-3.70985,5,42.0,Centro
40.423,-3.70985,6,42.0,Centro
40.423,-3.70985,7,42.0,Centro
40.423,-3.70985,8,42.0,Centro
40.423,-3.70985,9,42.0,Centro
40.423,-3.70985,10,42.0,Centro
40.423,-3.70985,11,42.0,Centro
40.42322,-3.70045,1,166.0,Centro
40.42322,-3.70045,2,186.375,Centro
40.42322,-3.70045,3,174.42857142857142,Centro
40.42322,-3.70045,4,180.11764705882354,Centro
40.42322,-3.70045,5,186.7058823529412,Centro
40.42322,-3.70045,6,201.80645161290323,Centro
40.4234113,-3.700145199999999,11,85.0,Centro
40.42347,-3.70082,1,47.0,Centro
40.42355413120107,-3.710833825170994,10,203.0,Centro
40.42357,-3.7142,6,191.14285714285714,Moncloa-Aravaca
40.42357,-3.7142,7,180.11111111111111,Moncloa-Aravaca
40.42357,-3.7142,8,191.22222222222223,Moncloa-Aravaca
40.42357,-3.7142,9,189.0,Moncloa-Aravaca
40.42357,-3.7142,11,189.0,Moncloa-Aravaca
40.42364,-3.67495,3,53.0,Salamanca
40.42364,-3.67495,6,53.0,Salamanca
40.42376749729475,-3.709520548582077,1,42.0,Centro
40.42376749729475,-3.709520548582077,2,42.0,Centro
40.42376749729475,-3.709520548582077,3,42.0,Centro
40.42376749729475,-3.709520548582077,4,42.0,Centro
40.42376749729475,-3.709520548582077,7,42.0,Centro
40.42381,-3.6179,1,26.0,San Blas - Canillejas
40.42389318540086,-3.7016450348516297,1,66.8,Centro
40.42389318540086,-3.7016450348516297,2,66.0,Centro
40.42389318540086,-3.7016450348516297,3,66.7,Centro
40.42389318540086,-3.7016450348516297,4,66.0,Centro
40.42389318540086,-3.7016450348516297,5,73.0,Centro
40.42391,-3.67114,5,41.0,Salamanca
40.42391,-3.67114,7,41.0,Salamanca
40.42409,-3.70603,3,176.0,Centro
40.42409,-3.70603,4,174.71428571428572,Centro
40.42409,-3.70603,6,168.14285714285714,Centro
40.42422,-3.70276,4,70.0,Centro
40.42423,-3.71251,1,186.0,Moncloa-Aravaca
40.42437,-3.70395,2,76.0,Centro
40.42437,-3.70395,3,76.0,Centro
40.42437,-3.70395,4,76.0,Centro
40.42437,-3.70395,5,76.0,Centro
40.42437,-3.70395,6,76.0,Centro
40.42437,-3.70395,7,76.0,Centro
40.4244661,-3.7033837,6,118.0,Centro
40.42481910050217,-3.7037541581715097,1,224.0,Centro
40.42481910050217,-3.7037541581715097,4,359.0,Centro
40.42481910050217,-3.7037541581715097,5,381.0,Centro
40.42481910050217,-3.7037541581715097,6,375.0,Centro
40.42481910050217,-3.7037541581715097,7,290.0,Centro
40.42481910050217,-3.7037541581715097,8,260.5,Centro
40.42514568830878,-3.671180217414891,4,105.0,Salamanca
40.42514568830878,-3.671180217414891,5,105.0,Salamanca
40.425194,-3.664504,8,953.0,Salamanca
40.425194,-3.664504,9,945.0,Salamanca
40.42538,-3.6816,12,1079.0,Salamanca
40.426048775737655,-3.662760487188061,1,37.0,Salamanca
40.426048775737655,-3.662760487188061,2,37.0,Salamanca
40.426048775737655,-3.662760487188061,3,37.0,Salamanca
40.42631,-3.70379,1,55.142857142857146,Centro
40.42631,-3.70379,2,54.8,Centro
40.42631,-3.70379,3,54.25,Centro
40.42631,-3.70379,4,54.0,Centro
40.42631,-3.70379,5,54.0,Centro
40.42631,-3.70379,7,52.0,Centro
40.42648,-3.70434,1,56.0,Centro
40.42662,-3.70197,1,63.0,Centro
40.42662,-3.70197,2,63.0,Centro
40.42662,-3.70197,3,63.0,Centro
40.42668,-3.70829,7,85.0,Centro
40.426946409637694,-3.7048402892293697,6,126.0,Centro
40.426946409637694,-3.7048402892293697,7,126.0,Centro
40.42738,-3.70635,4,105.0,Centro
40.42738,-3.70635,6,105.0,Centro
40.42745,-3.69798,3,240.0,Centro
40.42745,-3.69798,5,333.0,Centro
40.42745,-3.69798,7,245.0,Centro
40.42751,-3.69685,2,178.0,Centro
40.42782,-3.69832,5,345.0,Centro
40.42868,-3.69613,2,200.66666666666666,Chamberí
40.42868,-3.69613,3,255.0,Chamberí
40.42938,-3.6968,2,192.0,Chamberí
40.42938,-3.6968,3,194.0,Chamberí
40.4295,-3.70218,6,433.0,Chamberí
40.4295,-3.70218,7,310.5,Chamberí
40.4295,-3.70218,8,311.5,Chamberí
40.42976925012499,-3.701429465782887,1,36.31578947368421,Chamberí
40.42976925012499,-3.701429465782887,2,37.5,Chamberí
40.43004,-3.72253,12,773.0,Moncloa-Aravaca
40.4301718,-3.6271642,6,43.0,San Blas - Canillejas
40.4301718,-3.6271642,7,43.0,San Blas - Canillejas
40.43087,-3.6643,2,107.0,Salamanca
40.43087,-3.6643,4,112.5,Salamanca
40.43102,-3.6572,1,32.0,Ciudad Lineal
40.4316898687224,-3.6567614872262393,1,26.09090909090909,Ciudad Lineal
40.4316898687224,-3.6567614872262393,2,26.0,Ciudad Lineal
40.4316898687224,-3.6567614872262393,3,26.0,Ciudad Lineal
40.4316898687224,-3.6567614872262393,4,26.0,Ciudad Lineal
40.43192,-3.68532,1,48.0,Salamanca
40.43192699999999,-3.7179449,2,101.0,Moncloa-Aravaca
40.43192699999999,-3.7179449,4,114.71428571428571,Moncloa-Aravaca
40.43192699999999,-3.7179449,5,103.0,Moncloa-Aravaca
40.43192699999999,-3.7179449,6,120.2,Moncloa-Aravaca
40.43192699999999,-3.7179449,7,106.14285714285714,Moncloa-Aravaca
40.43192699999999,-3.7179449,8,97.16666666666667,Moncloa-Aravaca
40.43192699999999,-3.7179449,9,101.0,Moncloa-Aravaca
40.43222,-3.65326,1,90.0,Ciudad Lineal
40.43241,-3.7135,3,76.0,Chamberí
40.43294,-3.63283,2,36.0,San Blas - Canillejas
40.4331,-3.68356,1,53.0,Salamanca
40.4331,-3.68356,3,53.0,Salamanca
40.4335779,-3.6587238,1,30.0,Ciudad Lineal
40.4335779,-3.6587238,2,30.0,Ciudad Lineal
40.43468048303623,-3.672487644361941,3,112.0,Salamanca
40.43468048303623,-3.672487644361941,4,125.17647058823529,Salamanca
40.43468048303623,-3.672487644361941,5,133.41176470588235,Salamanca
40.43468048303623,-3.672487644361941,6,126.33333333333333,Salamanca
40.43468048303623,-3.672487644361941,7,112.28571428571429,Salamanca
40.43468048303623,-3.672487644361941,8,105.82352941176471,Salamanca
40.43468048303623,-3.672487644361941,9,128.43478260869566,Salamanca
40.43468048303623,-3.672487644361941,10,152.58139534883722,Salamanca
40.43468048303623,-3.672487644361941,11,160.78947368421052,Salamanca
40.43476,-3.71063,1,73.0,Chamberí
40.4348,-3.68346,1,47.0,Salamanca
40.4348,-3.68346,2,47.0,Salamanca
40.4348,-3.68346,3,47.0,Salamanca
40.4348,-3.68346,4,47.0,Salamanca
40.4348,-3.68346,5,47.0,Salamanca
40.4348,-3.68346,6,47.0,Salamanca
40.4348,-3.68346,7,47.0,Salamanca
40.43571,-3.67809,1,100.0,Salamanca
40.43651784004312,-3.642160599796872,1,70.0,Ciudad Lineal
40.43651784004312,-3.642160599796872,2,70.0,Ciudad Lineal
40.43651784004312,-3.642160599796872,6,70.0,Ciudad Lineal
40.43673,-3.7046,1,164.0,Chamberí
40.43673,-3.7046,2,164.0,Chamberí
40.43673,-3.7046,3,164.0,Chamberí
40.43673,-3.7046,4,164.0,Chamberí
40.43673,-3.7046,5,164.0,Chamberí
40.43673,-3.7046,6,164.0,Chamberí
40.43673,-3.7046,7,164.0,Chamberí
40.43673,-3.7046,8,146.0,Chamberí
40.43673,-3.7046,9,146.0,Chamberí
40.43673,-3.7046,10,146.0,Chamberí
40.43673,-3.7046,11,146.0,Chamberí
40.43679,-3.61506,1,33.0,San Blas - Canillejas
40.4377,-3.69568,5,490.0,Chamberí
40.43831,-3.66471,1,60.333333333333336,Salamanca
40.43831,-3.66471,2,60.44444444444444,Salamanca
40.4412919881653,-3.531792350113392,1,22.0,
40.441292,-3.672802,4,82.0,Chamartín
40.441292,-3.672802,5,82.0,Chamartín
40.441292,-3.672802,9,81.0,Chamartín
40.441292,-3.672802,10,81.0,Chamartín
40.441292,-3.672802,11,81.0,Chamartín
40.44149,-3.57524,1,35.0,San Blas - Canillejas
40.44194,-3.71404,1,39.0,Chamberí
40.44252,-3.60927,6,61.0,San Blas - Canillejas
40.44278,-3.69725,1,74.0,Chamberí
40.44340079969042,-3.533234040886555,1,22.0,
40.44340079969042,-3.533234040886555,11,25.0,
40.44511,-3.61178,7,33.0,San Blas - Canillejas
40.4452946,-3.7025806,1,81.0,Chamberí
40.44615417951903,-3.675903166769512,1,41.0,Chamartín
40.44655,-3.58128,4,76.0,San Blas - Canillejas
40.44655,-3.58128,5,76.0,San Blas - Canillejas
40.44655,-3.58128,6,76.0,San Blas - Canillejas
40.44655,-3.58128,7,76.0,San Blas - Canillejas
40.44655,-3.58128,8,76.0,San Blas - Canillejas
40.44655,-3.58128,9,76.0,San Blas - Canillejas
40.44655,-3.58128,10,76.0,San Blas - Canillejas
40.44655,-3.58128,11,76.0,San Blas - Canillejas
40.44655,-3.58128,12,76.0,San Blas - Canillejas
40.44659,-3.70074,12,205.0,Chamberí
40.44852814756919,-3.702578286559552,6,92.0,Tetuán
40.44852814756919,-3.702578286559552,7,92.0,Tetuán
40.45048,-3.70514,5,196.0,Tetuán
40.45269,-3.59246,1,30.0,Barajas
40.45269,-3.59246,2,30.0,Barajas
40.4543237,-3.6813431,6,182.8,Chamartín
40.4543237,-3.6813431,7,185.3,Chamartín
40.4543237,-3.6813431,8,176.0,Chamartín
40.4543237,-3.6813431,9,186.06666666666666,Chamartín
40.4543237,-3.6813431,10,185.47222222222223,Chamartín
40.4543237,-3.6813431,11,185.47058823529412,Chamartín
40.45436,-3.59194,7,29.0,Barajas
40.45564,-3.70469,3,37.0,Tetuán
40.45866,-3.58435,1,53.869565217391305,Barajas
40.45866,-3.58435,2,53.68181818181818,Barajas
40.45956266298988,-3.688913471996784,6,59.0,Chamartín
40.46247863769531,-3.6474130153656006,1,40.0,Hortaleza
40.46247863769531,-3.6474130153656006,2,40.0,Hortaleza
40.46247863769531,-3.6474130153656006,3,40.0,Hortaleza
40.46251245315496,-3.692939553686871,3,480.0,Tetuán
40.46251245315496,-3.692939553686871,6,480.0,Tetuán
40.46251245315496,-3.692939553686871,7,480.0,Tetuán
40.46251245315496,-3.692939553686871,8,480.0,Tetuán
40.463137344215234,-3.704131565464594,1,35.0,Tetuán
40.46549,-3.70097,1,109.0,Tetuán
40.4665,-3.6945,1,42.0,Tetuán
40.4665,-3.6945,2,42.0,Tetuán
40.4665,-3.6945,3,42.0,Tetuán
40.4665,-3.6945,7,42.0,Tetuán
40.46674,-3.69684,1,67.8,Tetuán
40.46674,-3.69684,5,70.0,Tetuán
40.46674,-3.69684,8,70.0,Tetuán
40.46674,-3.69684,9,70.0,Tetuán
40.4670419,-3.587774899999999,3,109.0,Barajas
40.46884788876028,-3.653105981647968,1,28.0,Hortaleza
40.4689,-3.59299,1,34.0,Barajas
40.46905,-3.72189,1,29.0,Moncloa-Aravaca
40.46943,-3.69218,1,37.0,Tetuán
40.47051870260756,-3.577658589792952,1,47.0,Barajas
40.47051870260756,-3.577658589792952,2,47.0,Barajas
40.47051870260756,-3.577658589792952,3,47.0,Barajas
40.47051870260756,-3.577658589792952,4,47.0,Barajas
40.47051870260756,-3.577658589792952,5,47.0,Barajas
40.4706,-3.68704,5,128.0,Chamartín
40.4706,-3.68704,6,128.0,Chamartín
40.4706,-3.68704,7,128.0,Chamartín
40.4706,-3.68704,8,128.0,Chamartín
40.4706,-3.68704,10,128.0,Chamartín
40.47088,-3.64497,6,92.0,Hortaleza
40.47088,-3.64497,7,92.0,Hortaleza
40.47088,-3.64497,9,92.0,Hortaleza
40.47088,-3.64497,12,92.0,Hortaleza
40.4712,-3.69119,1,39.0,Tetuán
40.47163,-3.58304,5,39.0,Barajas
40.47163,-3.58304,6,39.0,Barajas
40.47163,-3.58304,7,39.0,Barajas
40.47163,-3.58304,8,39.0,Barajas
40.47163,-3.58304,9,39.0,Barajas
40.47163,-3.58304,10,39.0,Barajas
40.47163,-3.58304,11,39.0,Barajas
40.47173,-3.58283,1,70.0,Barajas
40.4719,-3.63674,5,85.0,Hortaleza
40.4719,-3.63674,6,85.0,Hortaleza
40.4719,-3.63674,7,85.0,Hortaleza
40.4719,-3.63674,9,85.0,Hortaleza
40.4719,-3.63674,10,85.0,Hortaleza
40.4719,-3.63674,12,85.0,Hortaleza
40.47202567218181,-3.637592755258083,2,83.0,Hortaleza
40.47202567218181,-3.637592755258083,3,83.82352941176471,Hortaleza
40.47202567218181,-3.637592755258083,4,84.03703703703704,Hortaleza
40.47202567218181,-3.637592755258083,5,83.0,Hortaleza
40.47202567218181,-3.637592755258083,6,85.27906976744185,Hortaleza
40.47202567218181,-3.637592755258083,7,85.0,Hortaleza
40.47202567218181,-3.637592755258083,8,84.6470588235294,Hortaleza
40.47202567218181,-3.637592755258083,9,84.55555555555556,Hortaleza
40.47202567218181,-3.637592755258083,10,84.3125,Hortaleza
40.47202567218181,-3.637592755258083,11,83.63636363636364,Hortaleza
40.47257,-3.63856,7,88.0,Hortaleza
40.47318772521944,-3.649616477236645,1,44.0,Hortaleza
40.47318772521944,-3.649616477236645,3,47.0,Hortaleza
40.47318772521944,-3.649616477236645,5,47.0,Hortaleza
40.47318772521944,-3.649616477236645,6,47.0,Hortaleza
40.47318772521944,-3.649616477236645,7,47.0,Hortaleza
40.47369,-3.58161,1,54.6,Barajas
40.4739,-3.58177,1,38.1578947368421,Barajas
40.4739,-3.58177,2,37.680851063829785,Barajas
40.47406996399232,-3.687005954713349,1,49.0,Chamartín
40.4741469,-3.5754267,7,111.0,Barajas
40.4746105,-3.5808617,1,39.15384615384615,Barajas
40.4746105,-3.5808617,2,37.64,Barajas
40.475367,-3.584744,6,61.0,Barajas
40.47587477590898,-3.5750318818382087,1,30.0,Barajas
40.47587477590898,-3.5750318818382087,3,30.0,Barajas
40.48728,-3.67005,7,220.0,Hortaleza
40.4895530762337,-3.648408266633562,1,53.0,Hortaleza
40.493623,-3.715964,12,800.0,Fuencarral-El Pardo
